id,name,type,typecode,address,location,tel,pname,cityname,adname,business_area,photos,gridcode,biz_ext
B000A8UIN8,故宫博物院,风景名胜;风景名胜;世界遗产|科教文化服务;博物馆;博物馆,110201|140100,景山前街4号,"116.397029,39.917839",4009501925,北京市,北京市,东城区,[],"[{'provider': [], 'title': '春季', 'url': 'http://store.is.autonavi.com/showpic/2f968490d105bb2741e17f90b85c6b79'}, {'provider': [], 'title': '春季', 'url': 'http://store.is.autonavi.com/showpic/7c09872350b4b3d857d62d09803cb7c7'}, {'provider': [], 'title': [], 'url': 'http://store.is.autonavi.com/showpic/cd462908859f2bc924b7e7bf886e3606'}]",5916730102,"{'cost': [], 'opentime2': '旺季4月1日至10月31日 周二至周日 08:30-17:00 16:00停止检票，淡季11月1日至3月31日 周二至周日 08:30-16:30 15:30停止检票，周一全天关闭', 'rating': '4.9', 'open_time': [], 'ticket_ordering': '0'}"
B000A7BGMG,雍和宫,风景名胜;风景名胜;风景名胜,110200,雍和宫大街28号(雍和宫地铁站F东南口步行250米),"116.417296,39.947239",010-84191906,北京市,北京市,东城区,东直门,"[{'provider': [], 'title': [], 'url': 'http://store.is.autonavi.com/showpic/9b9abb2a9fff0b6491230aa4435f7ad5'}, {'provider': [], 'title': [], 'url': 'http://store.is.autonavi.com/showpic/6b397bbbd188c6087361de3fbe525b73'}, {'provider': [], 'title': [], 'url': 'http://store.is.autonavi.com/showpic/8e4cf6648c9841a7436195794798e884'}]",5916733321,"{'cost': [], 'opentime2': '1月至3月,11月至12月 周一至周日 09:00-16:30 最晚进入16:00；4月至10月 周一至周日 09:00-17:00 最晚进入16:30', 'rating': '4.9', 'open_time': [], 'ticket_ordering': '0'}"
B000A83C1S,天安门广场,风景名胜;风景名胜;红色景区|风景名胜;公园广场;城市广场,110210|110105,东长安街,"116.397755,39.903182",010-63095745,北京市,北京市,东城区,[],"[{'provider': [], 'title': [], 'url': 'http://aos-cdn-image.amap.com/sns/ugccomment/fab72424-5643-4c14-9486-ae1c8475eab7.jpg'}, {'provider': [], 'title': [], 'url': 'http://aos-cdn-image.amap.com/sns/ugccomment/51705f12-6b79-4c6a-a0a6-462008c22043.jpg'}, {'provider': [], 'title': '天安门广场', 'url': 'http://store.is.autonavi.com/showpic/6c22735ae72cfab207adae0fa74b3a75'}]",5916638112,"{'cost': [], 'opentime2': '周一至周日 05:00-22:00', 'rating': '4.9', 'open_time': '05:00-22:00', 'ticket_ordering': '0'}"
B000A60DA1,天安门,风景名胜;风景名胜;国家级景点,110202,长安街北侧,"116.397463,39.909187",010-86409660,北京市,北京市,东城区,[],"[{'provider': [], 'title': '天安门', 'url': 'http://store.is.autonavi.com/showpic/17a36a737908810a310387c7d53e878a'}, {'provider': [], 'title': [], 'url': 'https://aos-comment.amap.com/default_poi/comment/content_media_external_file_1000010603_ss__1766794867496_12213146.jpg'}, {'provider': [], 'title': [], 'url': 'https://store.is.autonavi.com/showpic/2f418ba1182a204b0c82ab2de25760fb'}]",5916639102,"{'cost': [], 'opentime2': '周一至周日 05:00-20:15', 'rating': [], 'open_time': '05:00-20:15', 'ticket_ordering': '0'}"
B000A7I1OL,景山公园,风景名胜;公园广场;公园,110101,景山西街44号,"116.396551,39.925875",010-64038098,北京市,北京市,西城区,[],"[{'provider': [], 'title': '春季', 'url': 'http://store.is.autonavi.com/showpic/10eb01af2fd301e54e50d42ea636ccef'}, {'provider': [], 'title': [], 'url': 'http://store.is.autonavi.com/showpic/f26ea189993c113b5535715fa145b746'}, {'provider': [], 'title': [], 'url': 'http://store.is.autonavi.com/showpic/7f5ec8b99eab51bcde3749b389da6b55'}]",5916731102,"{'cost': [], 'opentime2': '4月至10月 周一至周日 06:00-21:00 最晚进入20:30；1月至3月,11月至12月 周一至周日 06:30-20:00 最晚进入19:30', 'rating': '4.9', 'open_time': [], 'ticket_ordering': '0'}"
B000A7O5PK,什刹海,风景名胜;风景名胜;国家级景点,110202,地安门西大街49号,"116.385121,39.941893",010-66185806,北京市,北京市,西城区,德胜门,"[{'provider': [], 'title': [], 'url': 'http://store.is.autonavi.com/showpic/dd97c0390e296f47a20b72063ec86990'}, {'provider': [], 'title': [], 'url': 'http://store.is.autonavi.com/showpic/a996834a98e84fd852162b2551c374f0'}, {'provider': [], 'title': [], 'url': 'https://aos-comment.amap.com/B000A7O5PK/comment/FE1C9950_701C_459A_A41B_72021872B893_L0_001_2000_150_1770536689278_03293722.jpg'}]",5916733002,"{'cost': [], 'opentime2': '周一至周日 00:00-24:00', 'rating': '4.9', 'open_time': '24小时营业', 'ticket_ordering': '0'}"
B000A80UL1,北海公园,风景名胜;公园广场;公园,110101,文津街1号,"116.391802,39.928775",010-64037972,北京市,北京市,西城区,[],"[{'provider': [], 'title': [], 'url': 'http://store.is.autonavi.com/showpic/68a92863a790f69d2221f7c53906c8c2'}, {'provider': [], 'title': [], 'url': 'http://store.is.autonavi.com/showpic/cde94b02af66721b49f43e75628a0430'}, {'provider': [], 'title': '北海公园[北京]', 'url': 'http://store.is.autonavi.com/showpic/56c62f9ae4b90f99306d84fb4b35e7a8'}]",5916731111,"{'cost': [], 'opentime2': '4月至10月 周一至周日 06:00-21:00 最晚进入20:30；1月至3月,11月至12月 周一至周日 06:30-20:00 最晚进入19:30；景点院落开放时间 : 包括团城、永安寺、阅古楼、画舫斋、静心斋、快雪堂、小西天、西天梵境、阐福寺、万佛楼遗址。 淡季（11月1日-3月31日）:8:30开门，16:30停止进入，17:00关门。 以上景点除团城外，其他逢周一关闭（法定节假日除外）', 'rating': '4.8', 'open_time': [], 'ticket_ordering': '0'}"
B000A83U0P,中国国家博物馆,科教文化服务;博物馆;博物馆,140100,东长安街16号天安门广场东侧,"116.401304,39.905374",010-65116400,北京市,北京市,东城区,[],"[{'title': [], 'url': 'https://aos-comment.amap.com/B000A83U0P/headerImg/c18b1708f9b307ca92bf78809f7a0220_2048_2048_80.jpg'}, {'title': [], 'url': 'http://store.is.autonavi.com/showpic/620280e69fbdcc9681f8bf30f62fb9eb'}, {'title': '春季', 'url': 'http://store.is.autonavi.com/showpic/d44b1c52716bc8bb56489a3504846f34'}]",5916638210,"{'cost': [], 'opentime2': '周一关闭(法定节假日除外)；11月1日至次年5月31日周二至周日09:00-17:00(16:00停止入馆)；6月1日至10月31日周二至周日09:00-17:30(16:30停止入馆)', 'rating': '4.9', 'open_time': []}"
B0FFFAH7I9,南锣鼓巷,风景名胜;风景名胜;风景名胜,110200,交道口街道南大街(南锣鼓巷地铁站E西北口旁),"116.402394,39.937182",15501256033,北京市,北京市,东城区,沙滩,"[{'provider': [], 'title': [], 'url': 'http://store.is.autonavi.com/showpic/6aa94c24640267a56c22af0b9629030a'}, {'provider': [], 'title': [], 'url': 'http://store.is.autonavi.com/showpic/f2325d7c11c9453d8d7eccc96db7e77c'}, {'provider': [], 'title': [], 'url': 'http://store.is.autonavi.com/showpic/173b3acc0bb5c70d3710a43a137c17a7'}]",5916732210,"{'cost': [], 'opentime2': '周一至周日 00:00-24:00', 'rating': '4.8', 'open_time': '24小时营业', 'ticket_ordering': '0'}"
B000A0B593,紫竹院公园,风景名胜;公园广场;公园,110101,中关村南大街35号,"116.319079,39.942352",010-88412894;010-88412801,北京市,北京市,海淀区,[],"[{'provider': [], 'title': '夏季', 'url': 'http://store.is.autonavi.com/showpic/847c5aff3766646a937b8b8cbc72f809'}, {'provider': [], 'title': '春季', 'url': 'http://store.is.autonavi.com/showpic/b606371976d3e243db9f6b0592adc873'}, {'provider': [], 'title': [], 'url': 'http://store.is.autonavi.com/showpic/020a63a38a690f2764ff0020b374aa1d'}]",5916723501,"{'cost': [], 'opentime2': '4月至10月 周一至周日 06:00-22:00 最晚进入21:00；1月至3月,11月至12月 周一至周日 06:00-21:30 最晚进入21:00', 'rating': '4.8', 'open_time': [], 'ticket_ordering': '0'}"
B000A7H0F3,妙应寺白塔,风景名胜;风景名胜;寺庙道观,110205,阜成门内大街171号,"116.363323,39.925652",010-66166099;010-66160211,北京市,北京市,西城区,官园,"[{'provider': [], 'title': [], 'url': 'https://aos-comment.amap.com/B000A7H0F3/headerImg/8f2e4cdc8da36608701d974c0dff68a9_2048_2048_80.jpg'}, {'provider': [], 'title': [], 'url': 'https://aos-comment.amap.com/B000A7H0F3/headerImg/336f408bf0dbaad3bfb98ac755187128_2048_2048_80.jpg'}, {'provider': [], 'title': [], 'url': 'https://aos-comment.amap.com/B000A7H0F3/headerImg/a3dfca833c9286f2e3041a79c37179ad_2048_2048_80.jpg'}]",5916720920,"{'cost': [], 'opentime2': '周一关闭(法定节假日除外)；周二至周日09:00-17:00(16:30停止入园)；2026年2月16日 闭园一天', 'rating': '4.7', 'open_time': '09:00-17:00', 'ticket_ordering': '0'}"
B000A81CB2,天坛公园,风景名胜;公园广场;公园,110101,天坛东里甲1号,"116.410829,39.881913",010-67028866,北京市,北京市,东城区,[],"[{'provider': [], 'title': [], 'url': 'http://store.is.autonavi.com/showpic/561ebdb222a6f17913f1bbd1062c3d93'}, {'provider': [], 'title': [], 'url': 'http://store.is.autonavi.com/showpic/d7027a05ce598752d0bf69423d80ac94'}, {'provider': [], 'title': [], 'url': 'http://store.is.autonavi.com/showpic/fd8fb0fe71533f8f26128272c73768e2'}]",5916635222,"{'cost': [], 'opentime2': '4月1日至10月31日:06:00-22:00(21:00停止入园),园中园08:00-18:00(17:30停止入园)；11月1日至3月31日:06:30-22:00(21:00停止入园),园中园08:00-17:00(16:30停止入园)', 'rating': '4.9', 'open_time': [], 'ticket_ordering': '0'}"
B000A8UR3U,前门大街,购物服务;特色商业街;特色商业街|风景名胜;风景名胜相关;旅游景点,061000|110000,小江胡同1号(前门地铁站G东南口步行320米),"116.403895,39.896152",010-58788222,北京市,北京市,东城区,珠市口,"[{'provider': [], 'title': [], 'url': 'http://store.is.autonavi.com/showpic/34231e4fb695d9aebac2a72575212a97'}, {'provider': [], 'title': [], 'url': 'http://store.is.autonavi.com/showpic/80f55ce37006188966ab11fae8dc11a5'}, {'provider': [], 'title': [], 'url': 'http://store.is.autonavi.com/showpic/b17c8a39b9cafd2b8161853595904149'}]",5916637210,"{'cost': [], 'opentime2': '周一至周日 00:00-24:00', 'rating': '4.8', 'open_time': '24小时营业', 'ticket_ordering': '0'}"
B000A645D9,恭王府博物馆,风景名胜;风景名胜;国家级景点,110202,前海西街17号,"116.386315,39.937222",010-83288149,北京市,北京市,西城区,[],"[{'provider': [], 'title': [], 'url': 'http://store.is.autonavi.com/showpic/e242ed1956e6d775a8912cfd3934169b'}, {'provider': [], 'title': [], 'url': 'http://store.is.autonavi.com/showpic/9ef81776a4ba02ace199ad2c66f661ba'}, {'provider': [], 'title': [], 'url': 'http://store.is.autonavi.com/showpic/e137312e5780bda6cdfe5767f3ac9184'}]",5916732012,"{'cost': [], 'opentime2': '周二至周日08:30-17:00(16:10停止检票法定节假日除外),2026年2月16日至2月17日关闭', 'rating': '4.8', 'open_time': [], 'ticket_ordering': '0'}"
B000A84GDN,故宫博物院-午门,风景名胜;风景名胜;风景名胜,110200,东华门街道景山前街4号故宫博物院内(南侧),"116.397228,39.913582",010-85007063,北京市,北京市,东城区,[],"[{'provider': [], 'title': [], 'url': 'http://store.is.autonavi.com/showpic/dcd78b35cb123744056c03072ecdea17'}, {'provider': [], 'title': [], 'url': 'http://store.is.autonavi.com/showpic/22a9f75062fb764a53ff0a19dc935a4f'}, {'provider': [], 'title': [], 'url': 'http://store.is.autonavi.com/showpic/a8e153f8730b5d5578ded486f03ee0cd'}]",5916639112,"{'cost': [], 'opentime2': '周二至周日 08:30-17:00，最晚16:10进入', 'rating': '3.8', 'open_time': '08:30-17:00', 'ticket_ordering': '0'}"
B000A840SB,中山公园,风景名胜;公园广场;公园,110101,中华路4号(天安门西侧),"116.394407,39.910707",010-66055431;12301,北京市,北京市,东城区,[],"[{'provider': [], 'title': [], 'url': 'http://store.is.autonavi.com/showpic/4d1216ff3ef92137912db31aaacd3c5f'}, {'provider': [], 'title': [], 'url': 'http://store.is.autonavi.com/showpic/8456aec2327c026f940c81b400ddb44d'}, {'provider': [], 'title': [], 'url': 'http://store.is.autonavi.com/showpic/d712c5194b3096b8f24c7ee2116a5e6c'}]",5916639101,"{'cost': [], 'opentime2': '周一至周日 06:00-21:00', 'rating': '4.8', 'open_time': '06:00-21:00', 'ticket_ordering': '0'}"
B000A3BE77,北京鲁迅博物馆,风景名胜;风景名胜;红色景区,110210,阜城门内宫门口二条19号(阜成门地铁站B东北口步行260米),"116.358742,39.925693",010-50872677,北京市,北京市,西城区,官园,"[{'provider': [], 'title': [], 'url': 'https://aos-comment.amap.com/B000A3BE77/comment/dee99ffe35d2da87ec13a8820a320a4f_2048_2048_80.jpg'}, {'provider': [], 'title': [], 'url': 'https://store.is.autonavi.com/showpic/6aee1f2a85d110d1e6901225eed79ce4'}, {'provider': [], 'title': [], 'url': 'https://aos-comment.amap.com/B000A3BE77/comment/content_media_external_file_108698_ss__1766376044191_97990232.jpg'}]",5916721802,"{'cost': [], 'opentime2': '周二至周日 09:00-17:00 最晚进入16:30；周一 全天关闭；逢周一闭馆，除国家法定节假日外，具体营业状态以当天开放情况为准', 'rating': '4.5', 'open_time': [], 'ticket_ordering': '0'}"
B000A7I99C,毛主席纪念堂,风景名胜;风景名胜;纪念馆,110204,前门东大街11号(天安门广场人民英雄纪念碑南面),"116.397815,39.902517",010-65132277,北京市,北京市,东城区,[],"[{'provider': [], 'title': [], 'url': 'http://store.is.autonavi.com/showpic/67f80db8806f358b501c3ca920fede2d'}, {'provider': [], 'title': [], 'url': 'http://store.is.autonavi.com/showpic/033ecf056a9ecc489f7b64b55e82c36d'}, {'provider': [], 'title': [], 'url': 'http://store.is.autonavi.com/showpic/1b088b8aaac674ce4774cbab27a9a026'}]",5916638102,"{'cost': [], 'opentime2': [], 'rating': '4.6', 'open_time': [], 'ticket_ordering': '0'}"
B000A76B0A,首都博物馆,科教文化服务;博物馆;博物馆,140100,复兴门外大街16号,"116.342067,39.906412",010-63370491;010-63370492,北京市,北京市,西城区,月坛,"[{'title': [], 'url': 'http://store.is.autonavi.com/showpic/a77f0bbd578a6e932e98d939fec47ede'}, {'title': [], 'url': 'http://store.is.autonavi.com/showpic/d37ce8013a1e29f2046e8fba481da7ec'}, {'title': [], 'url': 'http://store.is.autonavi.com/showpic/3f8bdd0d34ca343a32ad78e680fcc395'}]",5916628721,"{'cost': [], 'opentime2': '周一关闭(法定节假日除外)；周二至周日 09:00-19:00(16:00停止入馆)；2026年2月1日至2月28日 09:00-19:00(18:00停止入馆)；2026年2月16日闭馆一天，2026年2月17日 12:00-18:00', 'rating': '4.8', 'open_time': []}"
B000A9LFEH,景山公园-绮望楼,风景名胜;风景名胜;风景名胜,110200,什刹海街道景山西街44号(故宫后门对面)景山公园内(南侧),"116.396720,39.924029",010-64038098,北京市,北京市,西城区,[],"[{'provider': [], 'title': [], 'url': 'https://aos-comment.amap.com/B000A9LFEH/comment/content_media_external_file_1000026869_ss__1767533632970_94423019.jpg'}, {'provider': [], 'title': [], 'url': 'http://store.is.autonavi.com/showpic/c4e829574983636d8227d452dcb96072'}, {'provider': [], 'title': [], 'url': 'https://aos-comment.amap.com/B000A9LFEH/comment/EEC0879C_7250_46FD_AEF2_15F8DBB0E726_L0_001_2016_1512_1742811128987_08869152.jpg'}]",5916730122,"{'cost': [], 'opentime2': '周一至周日 00:00-24:00', 'rating': '4.3', 'open_time': '24小时营业', 'ticket_ordering': '0'}"
B000A7J8IC,郑王府,风景名胜;风景名胜;风景名胜,110200,大木仓胡同35号,"116.370746,39.912048",[],北京市,北京市,西城区,西单,"[{'provider': [], 'title': [], 'url': 'https://aos-comment.amap.com/B000A7J8IC/comment/content_media_external_images_media_1000041197_ss__1735830096778_24889959.jpg'}, {'provider': [], 'title': [], 'url': 'https://aos-comment.amap.com/B000A7J8IC/comment/0faad6f4138a7db0313f06a6ce572b74_2048_2048_80.jpg'}, {'provider': [], 'title': [], 'url': 'https://aos-comment.amap.com/B000A7J8IC/comment/cf7446b6e85ca716d2e2b72bb124d6b4_2048_2048_80.jpg'}]",5916629911,"{'cost': [], 'opentime2': '01月01日至12月31日09:00-21:00停止入园:21:00', 'rating': '4.2', 'open_time': [], 'ticket_ordering': '0'}"
B000A9PISW,故宫博物院-神武门,风景名胜;风景名胜;国家级景点,110202,景山前街4号北京故宫博物馆,"116.396786,39.922305",010-85007421;010-85007938,北京市,北京市,东城区,[],"[{'provider': [], 'title': [], 'url': 'http://store.is.autonavi.com/showpic/0ab8b692dcecca985c77c4986981e2d4'}, {'provider': [], 'title': [], 'url': 'http://store.is.autonavi.com/showpic/35477b96ae7d7d75ef64fe175b7f44ec'}, {'provider': [], 'title': [], 'url': 'http://store.is.autonavi.com/showpic/67e41b8254b7bfbfa1fb1e7c05d35dfb'}]",5916730122,"{'cost': [], 'opentime2': '周一至周日 08:30-16:30', 'rating': '4.3', 'open_time': '08:30-16:30', 'ticket_ordering': '0'}"
B0FFG8YDKK,天安门-城楼,风景名胜;风景名胜;国家级景点,110202,东长安街天安门(天安门东地铁站A西北入口步行290米),"116.397488,39.908717",010-63095718;010-86409660,北京市,北京市,东城区,[],"[{'provider': [], 'title': [], 'url': 'https://store.is.autonavi.com/showpic/057978fd8486e0a7406155b43b6ae13f'}, {'provider': [], 'title': [], 'url': 'https://store.is.autonavi.com/showpic/f09c1366b06eb5347d3e3e40e2b1462c'}, {'provider': [], 'title': [], 'url': 'https://store.is.autonavi.com/showpic/8d71622def4166cbe1d7968ae41bf7e7'}]",5916639102,"{'cost': [], 'opentime2': '11-01至03-31 周一至周日 08:00-16:00；04-01至10-31 周一至周日 08:30-16:30', 'rating': '4.4', 'open_time': '08:00-16:00 08:30-16:30', 'ticket_ordering': '0'}"
B0FFFRLTUT,天安门广场-国旗,风景名胜;风景名胜;风景名胜,110200,东华门街道景山前街4号天安门广场内(北侧),"116.397554,39.906928",010-63095745,北京市,北京市,东城区,[],"[{'provider': [], 'title': [], 'url': 'https://store.is.autonavi.com/showpic/179cea10d65c7e055f0483b200ea651d'}, {'provider': [], 'title': [], 'url': 'https://aos-comment.amap.com/default_poi/comment/4ebfec883cfe7572292c8168744fd08b_2048_2048_80.jpg'}, {'provider': [], 'title': [], 'url': 'https://store.is.autonavi.com/showpic/454475aed933bf9bd9dfdc2faa7f783a'}]",5916638122,"{'cost': [], 'opentime2': '周一至周日 00:00-24:00', 'rating': '4.7', 'open_time': '24小时营业', 'ticket_ordering': '0'}"
B0FFFAK3R4,敕建火德真君庙,风景名胜;风景名胜;寺庙道观,110205,地安门外大街77号(什刹海地铁站C口马路对面),"116.395569,39.937013",010-64008882;13269913499,北京市,北京市,西城区,[],"[{'provider': [], 'title': [], 'url': 'https://aos-comment.amap.com/B0FFFAK3R4/headerImg/51b8e06b1e346842b1011973e4b1bd20_2048_2048_80.jpg'}, {'provider': [], 'title': [], 'url': 'http://store.is.autonavi.com/showpic/4d65708d870a530cf89a287d82c1340d'}, {'provider': [], 'title': [], 'url': 'http://store.is.autonavi.com/showpic/c8ae9938cc86af8918a15e3c0f3ad0ba'}]",5916732111,"{'cost': [], 'opentime2': '周一至周五 09:00-17:00；周六至周日 09:00-17:30', 'rating': '4.8', 'open_time': '09:00-17:30', 'ticket_ordering': '0'}"
B000A87IUX,北京动物园,风景名胜;公园广场;动物园,110102,西直门外大街137号,"116.336701,39.942105",010-68390274,北京市,北京市,西城区,展览路,"[{'provider': [], 'title': [], 'url': 'http://store.is.autonavi.com/showpic/8703169dc2eba03a5d9d7eaa38f570ad'}, {'provider': [], 'title': [], 'url': 'http://store.is.autonavi.com/showpic/4b15958afae912df9810236030bcb0ce'}, {'provider': [], 'title': '夏季', 'url': 'http://store.is.autonavi.com/showpic/4a1a43c22a0425072b33fd086a9e38e1'}]",5916723602,"{'cost': [], 'opentime2': '4月1日-10月31日:7:30-19:00,18:00停止入园，11月1日-3月31日:7:30-18:00,17:00停止入园', 'rating': '4.8', 'open_time': [], 'ticket_ordering': '0'}"
B000A7BC2S,中国美术馆,科教文化服务;博物馆;博物馆,140100,五四大街1号,"116.408939,39.925255",010-64006326;010-64011816,北京市,北京市,东城区,沙滩,"[{'title': [], 'url': 'http://store.is.autonavi.com/showpic/7bd6fc174fed670cf2ea3a6ffcfa303a'}, {'title': [], 'url': 'http://store.is.autonavi.com/showpic/45f5465e2586f381321924003444933a'}, {'title': [], 'url': 'http://store.is.autonavi.com/showpic/cfda6e6d564f6f02ab003817ce29deb0'}]",5916731202,"{'cost': [], 'opentime2': '周二至周日 09:00-17:00 最晚进入16:00；周一 全天关闭；周一例行闭馆（法定节假日除外）', 'rating': '4.8', 'open_time': '09:00-17:00'}"
B000A81CG6,什刹海-后海,风景名胜;风景名胜;风景名胜,110200,羊房胡同甲23-3号,"116.385260,39.943559",[],北京市,北京市,西城区,德胜门,"[{'provider': [], 'title': [], 'url': 'http://store.is.autonavi.com/showpic/95d18067ac2df18e5680fee70c7ae4e9'}, {'provider': [], 'title': [], 'url': 'http://store.is.autonavi.com/showpic/149e45137a4d1a213e75a95acb7afb2d'}, {'provider': [], 'title': [], 'url': 'http://store.is.autonavi.com/showpic/142f071bdea47da91b446e0fcb732afa'}]",5916733002,"{'cost': [], 'opentime2': '周一至周日 00:00-24:00', 'rating': '4.7', 'open_time': '24小时营业', 'ticket_ordering': '0'}"
B000A4D500,陶然亭公园,风景名胜;公园广场;公园,110101,太平街19号,"116.381921,39.874496",010-63511596,北京市,北京市,西城区,右安门,"[{'provider': [], 'title': [], 'url': 'http://store.is.autonavi.com/showpic/fbd8cdec8bcb57bc6379137a55e99f44'}, {'provider': [], 'title': [], 'url': 'http://store.is.autonavi.com/showpic/db751bcde6c0345545aefa2a4cb1a999'}, {'provider': [], 'title': [], 'url': 'http://store.is.autonavi.com/showpic/8f5c69aa00ceaae92d253c4d74c40358'}]",5916634021,"{'cost': [], 'opentime2': '4月至10月 周一至周日 06:00-22:00 最晚进入21:00；1月至3月,11月至12月 周一至周日 06:00-21:30 最晚进入21:00，2026年春节期间 06:00-21:00', 'rating': '4.8', 'open_time': [], 'ticket_ordering': '0'}"
B000A7XIYH,玉渊潭公园,风景名胜;风景名胜;国家级景点,110202,西三环中路10号,"116.319932,39.916620",010-88653800;010-88653775,北京市,北京市,海淀区,公主坟,"[{'provider': [], 'title': [], 'url': 'http://store.is.autonavi.com/showpic/cce8b8c1b74cf520d996e7df68135327'}, {'provider': [], 'title': [], 'url': 'http://store.is.autonavi.com/showpic/026042c885116a76baacbf0219ee1dab'}, {'provider': [], 'title': [], 'url': 'http://store.is.autonavi.com/showpic/7389167474bb93697b0e1a745bafc553'}]",5916629521,"{'cost': [], 'opentime2': '1月1日-5月31日,9月1日-12月31日:6:00-21:30,21:00停止入园,6月1日-8月31日:6:00-22:30,21:30停止入园', 'rating': '4.8', 'open_time': [], 'ticket_ordering': '0'}"
B000AA1A7J,霱公府(不对外开放),风景名胜;风景名胜;风景名胜,110200,西绒线胡同51号(西单地铁站D东南口步行480米),"116.376930,39.905022",[],北京市,北京市,西城区,西单,"[{'provider': [], 'title': [], 'url': 'https://aos-comment.amap.com/B000AA1A7J/comment/605274cceb3084b2101420a5d3ae063e_2048_2048_80.jpg'}, {'provider': [], 'title': [], 'url': 'https://aos-comment.amap.com/B000AA1A7J/comment/5ebe7b32d3e5dc95b3228936bc38d584_2048_2048_80.jpg'}, {'provider': [], 'title': [], 'url': 'https://aos-comment.amap.com/B000AA1A7J/comment/E2186F0A_2F03_4B17_A5A8_A6C8638A2F52_L0_001_2016_151_1745219317418_75940885.jpg'}]",5916638010,"{'cost': [], 'opentime2': [], 'rating': '4.3', 'open_time': [], 'ticket_ordering': '0'}"
B0FFG6VF81,正阳门箭楼,风景名胜;风景名胜;风景名胜,110200,前门大街2号前门商业区A2地块,"116.397910,39.899368",010-63159185,北京市,北京市,东城区,[],"[{'provider': [], 'title': [], 'url': 'https://aos-comment.amap.com/B0FFG6VF81/comment/content_media_external_file_1000049555_ss__1770363622025_56510683.jpg'}, {'provider': [], 'title': [], 'url': 'https://aos-comment.amap.com/B0FFG6VF81/comment/content_media_external_file_1000049431_ss__1770363622029_40230245.jpg'}, {'provider': [], 'title': [], 'url': 'https://aos-comment.amap.com/B0FFG6VF81/comment/content_media_external_file_1000013339_ss__1769000081688_32711679.jpg'}]",5916637122,"{'cost': [], 'opentime2': '周一关闭(法定节假日除外),周二至周日09:00-17:00', 'rating': '4.7', 'open_time': '09:00-17:00', 'ticket_ordering': '0'}"
B000A1FDA9,国子监,风景名胜;风景名胜;国家级景点,110202,国子监街13-15号,"116.413285,39.946777",010-64042407,北京市,北京市,东城区,东直门,"[{'provider': [], 'title': [], 'url': 'http://store.is.autonavi.com/showpic/e89fcb6fb60308f82af54c79941d0ea4'}, {'provider': [], 'title': '国子监', 'url': 'http://store.is.autonavi.com/showpic/d6c9a486ae33218b070fb51b01d02aad'}, {'provider': [], 'title': '国子监', 'url': 'http://store.is.autonavi.com/showpic/1139c50a0e28099dd683f6c7eea5430a'}]",5916733310,"{'cost': [], 'opentime2': '07-08至08-31 周一,周三至周日 09:00-17:00 最晚进入16:30；07-08至08-31 周二 全天关闭；01-05至02-28 周二至周日 09:00-17:00 最晚进入16:30；01-05至02-28 周一 全天关闭；17:00室内展厅关闭。', 'rating': '4.7', 'open_time': '09:00-17:00 09:00-17:00', 'ticket_ordering': '0'}"
B000A5F89F,莲花池公园,风景名胜;公园广场;公园,110101,西三环中路38号,"116.315327,39.893297",010-63982357;010-63972892,北京市,北京市,丰台区,公主坟,"[{'provider': [], 'title': [], 'url': 'http://store.is.autonavi.com/showpic/cb724c4bd21320a07aaeaffa2e46ac59'}, {'provider': [], 'title': [], 'url': 'http://store.is.autonavi.com/showpic/9326d42466932598791adba0aed71aee'}, {'provider': [], 'title': [], 'url': 'http://store.is.autonavi.com/showpic/aafe690a59875e55818f20424947f75d'}]",5916627500,"{'cost': [], 'opentime2': '4月至10月 周一至周日 06:00-22:00 最晚进入21:30；1月至3月,11月至12月 周一至周日 06:00-21:00 最晚进入20:30', 'rating': '4.7', 'open_time': [], 'ticket_ordering': '0'}"
B000A7JEXW,中央电视塔,风景名胜;风景名胜;国家级景点|科教文化服务;传媒机构;电视台,110202|141101,西三环中路11号(玉渊潭公园对面),"116.307016,39.918852",010-88416232,北京市,北京市,海淀区,公主坟,"[{'provider': [], 'title': '春季', 'url': 'http://store.is.autonavi.com/showpic/22693a6d51adc909b45d17bf3f79a827'}, {'provider': [], 'title': '夏季', 'url': 'http://store.is.autonavi.com/showpic/510fc8a68b06aec545258654cd6a6fdb'}, {'provider': [], 'title': [], 'url': 'http://store.is.autonavi.com/showpic/7639931194a4ff6ae0a3a53cdc1b110d'}]",5916720401,"{'cost': [], 'opentime2': '周一至周日 08:30-22:00 最晚进入21:30', 'rating': '4.7', 'open_time': '08:30-22:00', 'ticket_ordering': '0'}"
B0J6BZNC6H,故宫博物院-西北角楼,风景名胜;风景名胜;风景名胜,110200,景山前街4号故宫博物院(西北角),"116.392575,39.922150",4009501925,北京市,北京市,东城区,[],"[{'provider': [], 'title': [], 'url': 'https://aos-comment.amap.com/B0J6BZNC6H/comment/content_media_external_file_1000105727_ss__1763270922421_92563117.jpg'}, {'provider': [], 'title': [], 'url': 'https://store.is.autonavi.com/showpic/21dc3a13e4b6c49654b6b9f7768b382b'}, {'provider': [], 'title': [], 'url': 'https://aos-comment.amap.com/B0J6BZNC6H/comment/content_media_external_images_media_1000004225_ss__1731594646105_56488285.jpg'}]",5916730111,"{'cost': [], 'opentime2': [], 'rating': [], 'open_time': [], 'ticket_ordering': '0'}"
B000A208D5,李大钊故居,风景名胜;风景名胜;风景名胜,110200,文华胡同24号,"116.365903,39.904721",010-66011512;010-66089208,北京市,北京市,西城区,西单,"[{'provider': [], 'title': [], 'url': 'http://store.is.autonavi.com/showpic/a391afaa5d991eef9fa3b2600d2d8545'}, {'provider': [], 'title': [], 'url': 'https://aos-comment.amap.com/B000A208D5/comment/content_media_external_file_100001365_1766563152121_41656056.jpg'}, {'provider': [], 'title': [], 'url': 'https://aos-comment.amap.com/B000A208D5/comment/3C4B101A_B849_4A51_9BA2_ECB8AC74944C_L0_001_1500_200_1760860460691_27737457.jpg'}]",5916628910,"{'cost': [], 'opentime2': [], 'rating': '4.6', 'open_time': [], 'ticket_ordering': '0'}"
B000A7HRB1,北大红楼,风景名胜;风景名胜;纪念馆,110204,五四大街29号,"116.405361,39.924710",010-64020957,北京市,北京市,东城区,沙滩,"[{'provider': [], 'title': [], 'url': 'http://store.is.autonavi.com/showpic/c7782cf55d7393472b79ffbd33472a3f'}, {'provider': [], 'title': [], 'url': 'https://aos-comment.amap.com/B000A7HRB1/headerImg/f2542bd8fded65c6a8d764ccc9d3bf33_2048_2048_80.jpg'}, {'provider': [], 'title': [], 'url': 'http://store.is.autonavi.com/showpic/c0d8468cc442936d48fe5a0d38efd669'}]",5916730221,"{'cost': [], 'opentime2': [], 'rating': '4.4', 'open_time': [], 'ticket_ordering': '0'}"
B000A8UMB4,中国钱币博物馆,科教文化服务;博物馆;博物馆,140100,西交民巷17号,"116.394930,39.902127",010-66081385,北京市,北京市,西城区,[],"[{'title': [], 'url': 'https://aos-comment.amap.com/B000A8UMB4/comment/content_media_external_file_100006572_1768058312246_20893829.jpg'}, {'title': [], 'url': 'https://aos-comment.amap.com/B000A8UMB4/comment/344758D3_33B1_4323_BF10_5EB6C7CE411F_L0_001_1179_64_1769267796664_34773736.jpg'}, {'title': [], 'url': 'https://aos-comment.amap.com/B000A8UMB4/comment/content_media_external_file_1000125944_ss__1770516819308_32594636.jpg'}]",5916638101,"{'cost': [], 'opentime2': '周二至周日09:00-17:00(16:30停止入馆,周一,节日闭馆)', 'rating': '4.7', 'open_time': '09:00-17:00'}"
B000A83WJW,鲁迅故居,风景名胜;风景名胜;纪念馆,110204,阜成门内西三条21号(阜成门地铁站B东北口步行340米),"116.358173,39.925774",010-50872677;010-66156548,北京市,北京市,西城区,官园,"[{'provider': [], 'title': [], 'url': 'http://store.is.autonavi.com/showpic/95765de30c12d6448482ed47a9844f24'}, {'provider': [], 'title': [], 'url': 'https://store.is.autonavi.com/showpic/e7d62ea27d650616cae88dc3a55e8473'}, {'provider': [], 'title': [], 'url': 'https://store.is.autonavi.com/showpic/72890a9a59a35484c98626c70252c725'}]",5916721801,"{'cost': [], 'opentime2': [], 'rating': '3.8', 'open_time': [], 'ticket_ordering': '0'}"
B000A7O1CU,颐和园,风景名胜;风景名胜;世界遗产,110201,新建宫门路19号,"116.275179,39.999617",010-62881144,北京市,北京市,海淀区,[],"[{'provider': [], 'title': '秋季', 'url': 'http://store.is.autonavi.com/showpic/a4b326f43a84d36b581d7f6e856fe858'}, {'provider': [], 'title': [], 'url': 'http://store.is.autonavi.com/showpic/62d1eddc858545a18923b0ef9cb5ac68'}, {'provider': [], 'title': [], 'url': 'http://store.is.autonavi.com/showpic/00b99d99388ca17f613291491d905feb'}]",5916729220,"{'cost': [], 'opentime2': '4月至10月 周一至周日 06:00-20:00 最晚进入19:00；11月至3月 周一至周日 06:30-19:00 最晚进入18:00', 'rating': '4.9', 'open_time': [], 'ticket_ordering': '0'}"
B000A7C9EW,日坛公园,风景名胜;公园广场;公园,110101,朝外街道朝阳门外日坛北路6号,"116.443795,39.915538",010-85616301;010-85635038,北京市,北京市,朝阳区,建国门,"[{'provider': [], 'title': [], 'url': 'https://aos-comment.amap.com/B000A7C9EW/headerImg/2689d175eadaa46f36c454184edf55a2_2048_2048_80.jpg'}, {'provider': [], 'title': [], 'url': 'http://store.is.autonavi.com/showpic/047e8b4bff0cbc440a7f8a288a8fe5e2'}, {'provider': [], 'title': [], 'url': 'http://store.is.autonavi.com/showpic/c1347d21f35383e06568f5392e92404d'}]",5916639521,"{'cost': [], 'opentime2': '周一至周日 05:30-22:00', 'rating': '4.8', 'open_time': '05:30-22:00', 'ticket_ordering': '0'}"
B000A9PIOU,故宫博物院-西南角楼,风景名胜;风景名胜;风景名胜,110200,景山前街4号故宫博物院(西南角),"116.392983,39.913741",4009501925,北京市,北京市,东城区,[],"[{'provider': [], 'title': [], 'url': 'http://store.is.autonavi.com/showpic/d6bfe1e10330a7d34e45c2205edf81d5'}, {'provider': [], 'title': [], 'url': 'http://store.is.autonavi.com/showpic/f4b3a8e3ab8b2c4aea2f1aad9c762320'}, {'provider': [], 'title': [], 'url': 'https://aos-comment.amap.com/B000A9PIOU/comment/content_media_external_file_116959_1769135339942_58695433.jpg'}]",5916639111,"{'cost': [], 'opentime2': [], 'rating': '4.6', 'open_time': [], 'ticket_ordering': '0'}"
B0H65CPLW1,故宫博物院-东北角楼,风景名胜;风景名胜;风景名胜,110200,景山前街4号北京故宫博物馆,"116.401021,39.922473",4009501925,北京市,北京市,东城区,[],"[{'provider': [], 'title': [], 'url': 'https://aos-comment.amap.com/B0H65CPLW1/comment/content_media_external_images_media_1000145675_ss__1766561031782_68137379.jpg'}, {'provider': [], 'title': [], 'url': 'https://aos-comment.amap.com/B0H65CPLW1/comment/F0D95752_9C31_468D_A4F2_8E43B8AE5D5E_L0_001_2000_133_1764317415097_51564996.jpg'}, {'provider': [], 'title': [], 'url': 'http://aos-cdn-image.amap.com/sns/ugccomment/026c4901-86d5-44db-92f4-3919fa55f052.jpg'}]",5916730220,"{'cost': [], 'opentime2': '周一关闭(法定节假日除外),4月1日至10月31日,周二至周日08:30-17:00(16:00停止检票),11月1日至3月31日,周二至周日08:30-16:30(15:30停止检票)', 'rating': '4.3', 'open_time': [], 'ticket_ordering': '0'}"
B000A0C210,中华世纪坛,风景名胜;风景名胜;风景名胜,110200,复兴路甲9号,"116.321339,39.910663",010-84186161;010-84187900,北京市,北京市,海淀区,公主坟,"[{'provider': [], 'title': [], 'url': 'http://store.is.autonavi.com/showpic/f5dc466792d8544923fca3c2cc5c6b9e'}, {'provider': [], 'title': [], 'url': 'http://aos-cdn-image.amap.com/sns/ugccomment/7d4567ca-0650-4369-8139-0039f2f82c0a.jpg'}, {'provider': [], 'title': [], 'url': 'http://store.is.autonavi.com/showpic/421be92023f6bf72857c5dc33c224748'}]",5916629502,"{'cost': [], 'opentime2': '周二至周日 09:00-17:00 最晚进入16:10；周一 全天关闭；17:00清场闭馆', 'rating': '4.6', 'open_time': '09:00-17:00', 'ticket_ordering': '0'}"
B000A1B6C1,广化寺,风景名胜;风景名胜;寺庙道观,110205,什刹海北边的鸦儿胡同31号,"116.390893,39.941355",010-64076395,北京市,北京市,西城区,德胜门,"[{'provider': [], 'title': [], 'url': 'http://store.is.autonavi.com/showpic/60c162b23d5a6b15b33bfad743125884'}, {'provider': [], 'title': [], 'url': 'http://store.is.autonavi.com/showpic/1b4f0921f56c4f8e3a1efb997abdcfdb'}, {'provider': [], 'title': [], 'url': 'https://aos-comment.amap.com/B000A1B6C1/comment/content_media_external_file_1367606_ss__1746686635155_90910104.jpg'}]",5916732120,"{'cost': [], 'opentime2': '周一至周日 09:00-16:30', 'rating': '4.5', 'open_time': '09:00-16:30', 'ticket_ordering': '0'}"
B000A84BK3,精品公园,风景名胜;公园广场;公园,110101,阜成门北大街(阜成门地铁站C东南口步行380米),"116.356935,39.919781",[],北京市,北京市,西城区,金融街,"[{'provider': [], 'title': [], 'url': 'https://aos-comment.amap.com/B000A84BK3/comment/1f3655243ab3673a0653b17513db700f_2048_2048_80.jpg'}, {'provider': [], 'title': [], 'url': 'https://aos-comment.amap.com/B000A84BK3/comment/609999dd2d9da8b26dc6d991a2a09c07_2048_2048_80.jpg'}, {'provider': [], 'title': [], 'url': 'https://aos-comment.amap.com/B000A84BK3/comment/54dec9a30d7a01345cecb3fb15e38777_2048_2048_80.jpg'}]",5916720811,"{'cost': [], 'opentime2': '周一至周日 00:00-24:00', 'rating': '3.8', 'open_time': '24小时营业', 'ticket_ordering': '0'}"
B000A9PJ1J,北京动物园-奥运熊猫馆,风景名胜;公园广场;动物园,110102,西直门外大街137号北京动物园(东南角),"116.338825,39.939619",[],北京市,北京市,西城区,展览路,"[{'provider': [], 'title': [], 'url': 'http://store.is.autonavi.com/showpic/ab3a213399ee7d24fceffabb4bbae4a7'}, {'provider': [], 'title': [], 'url': 'http://store.is.autonavi.com/showpic/f19ea93f401d9b291326c4482cf969d9'}, {'provider': [], 'title': '北京大熊猫馆', 'url': 'http://store.is.autonavi.com/showpic/e3e4d56550ca939b2c56780d8dd966b7'}]",5916722720,"{'cost': [], 'opentime2': '开放时间:08:30-17:00', 'rating': '4.6', 'open_time': '08:30-17:00', 'ticket_ordering': '0'}"
B000A7B211,人民英雄纪念碑,风景名胜;风景名胜;红色景区|风景名胜;风景名胜;纪念馆,110210|110204,天安门广场(长安街中心),"116.397691,39.904632",010-63095745,北京市,北京市,东城区,[],"[{'provider': [], 'title': [], 'url': 'http://store.is.autonavi.com/showpic/989902a88a6f3631fd6ce662e9b159ef'}, {'provider': [], 'title': '人民英雄纪念碑', 'url': 'http://store.is.autonavi.com/showpic/5fbc44454b36f24a9f9807b9a3e3c0ae'}, {'provider': [], 'title': '人民英雄纪念碑', 'url': 'http://store.is.autonavi.com/showpic/f440b3fd67064810584a0d48d2112414'}]",5916638112,"{'cost': [], 'opentime2': '周一至周日 00:00-24:00；具体营业状态以当天开放情况为准', 'rating': '4.8', 'open_time': '24小时营业', 'ticket_ordering': '0'}"
B000A7CPAO,龙潭公园,风景名胜;风景名胜;国家级景点,110202,龙潭路16号,"116.438258,39.879792",010-67167319,北京市,北京市,东城区,左安门,"[{'provider': [], 'title': [], 'url': 'http://store.is.autonavi.com/showpic/3fe8133ec9274fe7c8a3afa38d1ae710'}, {'provider': [], 'title': '龙潭公园[北京龙潭公园]', 'url': 'http://store.is.autonavi.com/showpic/455764cab4dea88b0ace7902b0f78efc'}, {'provider': [], 'title': '龙潭公园[北京龙潭公园]', 'url': 'http://store.is.autonavi.com/showpic/eba7f64c0c54e72f89715872ce0504df'}]",5916635510,"{'cost': [], 'opentime2': '01-01至02-23 周一至周日 06:00-22:00；02-26至12-31 周一至周日 06:00-22:00；02-24至02-25 周一至周日 全天关闭', 'rating': '4.7', 'open_time': '06:00-22:00 06:00-22:00', 'ticket_ordering': '0'}"
B000A7AB8D,龙潭中湖公园,风景名胜;公园广场;公园,110101,左安门内大街19号,"116.432072,39.876755",010-67148205,北京市,北京市,东城区,左安门,"[{'provider': [], 'title': [], 'url': 'http://store.is.autonavi.com/showpic/e28b4684acd7bcdaa43f8a169e66816b'}, {'provider': [], 'title': [], 'url': 'http://store.is.autonavi.com/showpic/2bda2cc0de77798a2e0cf9e4ef4e22a1'}, {'provider': [], 'title': [], 'url': 'http://store.is.autonavi.com/showpic/dec4d3200cf23f76a613e92940fae8fe'}]",5916635401,"{'cost': [], 'opentime2': '1月至3月,11月至12月 周一至周日 06:00-22:00 最晚进入21:00；4月至10月 周一至周日 06:00-22:30 最晚进入22:00', 'rating': '4.7', 'open_time': [], 'ticket_ordering': '0'}"
B0FFG1885G,北海公园-九龙壁,风景名胜;风景名胜;风景名胜,110200,什刹海街道文津街1号(故宫北)北海公园西天梵境内,"116.387599,39.931861",010-64002378,北京市,北京市,西城区,[],"[{'provider': [], 'title': [], 'url': 'http://store.is.autonavi.com/showpic/f12de1ed0ba76f7ee8d6a1997e2d81ab'}, {'provider': [], 'title': [], 'url': 'http://store.is.autonavi.com/showpic/66128e6b207a87a1aee620ef7d5128d7'}, {'provider': [], 'title': [], 'url': 'http://store.is.autonavi.com/showpic/7b3ae70754b8270d72438441e4c5a849'}]",5916731120,"{'cost': [], 'opentime2': '旺季06:00-21:00；淡季06:30-20:00', 'rating': '4.7', 'open_time': [], 'ticket_ordering': '0'}"
B000A9LF3T,景山公园-明思宗殉国处,风景名胜;风景名胜;风景名胜,110200,景山西街44号景山公园内(东南角),"116.399039,39.924529",010-64038098,北京市,北京市,西城区,[],"[{'provider': [], 'title': [], 'url': 'http://store.is.autonavi.com/showpic/36e1f8ccc63bb0d0ac0655f65d7a8ae1'}, {'provider': [], 'title': [], 'url': 'http://store.is.autonavi.com/showpic/1b4180472f71d6ebf43ea2e57084e397'}, {'provider': [], 'title': [], 'url': 'https://aos-comment.amap.com/B000A9LF3T/comment/content_media_external_images_media_1000032433_ss__1758295724499_46218436.jpg'}]",5916730122,"{'cost': [], 'opentime2': [], 'rating': '4.5', 'open_time': [], 'ticket_ordering': '0'}"
B000A79026,嵩祝寺及智珠寺,风景名胜;风景名胜;寺庙道观,110205,景山后街嵩祝院23号,"116.403968,39.928403",010-64073371,北京市,北京市,东城区,沙滩,"[{'provider': [], 'title': [], 'url': 'http://store.is.autonavi.com/showpic/bf7735e598f80ad9695091209fdfdfbe'}, {'provider': [], 'title': [], 'url': 'http://store.is.autonavi.com/showpic/615751b11926358840c3907d3d0caffc'}, {'provider': [], 'title': [], 'url': 'http://store.is.autonavi.com/showpic/c66ad47b203d9ac2e07f4372c07122ad'}]",5916731210,"{'cost': [], 'opentime2': [], 'rating': '4.2', 'open_time': [], 'ticket_ordering': '0'}"
B0LU7H0POO,西城楼观旗点,风景名胜;风景名胜;风景名胜,110200,西长安街与广场西侧路交叉口北20米,"116.395694,39.907843",[],北京市,北京市,东城区,[],"[{'provider': [], 'title': [], 'url': 'https://aos-comment.amap.com/B0LU7H0POO/comment/856E444C_3466_42A7_8D6F_BBB01767E5E1_L0_001_2000_112_1760884308486_75785996.jpg'}, {'provider': [], 'title': [], 'url': 'https://aos-comment.amap.com/default_poi/comment/E436A82A_D7A1_4984_9D4A_8973AD62C82A_L0_001_1440_108_1769435121386_93932778.jpg'}, {'provider': [], 'title': [], 'url': 'https://aos-comment.amap.com/default_poi/comment/934F61B9_8F9D_407A_B6EA_D13131841873_L0_001_2016_151_1769435121384_82132541.jpg'}]",5916638121,"{'cost': [], 'opentime2': [], 'rating': '4.3', 'open_time': [], 'ticket_ordering': '0'}"
B000A6B2AE,团结湖公园,风景名胜;公园广场;公园,110101,团结湖南里路16号(呼家楼地铁站B东北口步行190米),"116.464372,39.925741",010-65061364;010-85973603,北京市,北京市,朝阳区,团结湖,"[{'provider': [], 'title': [], 'url': 'https://aos-comment.amap.com/B000A6B2AE/comment/74d73435502f5dc1b9c92dafa1b580af_2048_2048_80.jpg'}, {'provider': [], 'title': '秋季', 'url': 'https://aos-comment.amap.com/B000A6B2AE/comment/622b8e900870624df03786fa2f0fe869_2048_2048_80.jpg'}, {'provider': [], 'title': [], 'url': 'https://aos-comment.amap.com/B000A6B2AE/comment/7e0c0fa7e33e11847c446409eb0002cd_2048_2048_80.jpg'}]",5916731700,"{'cost': [], 'opentime2': '周一至周日 06:00-21:00', 'rating': '4.7', 'open_time': '06:00-21:00', 'ticket_ordering': '0'}"
B000A9PINO,故宫博物院-慈宁宫,风景名胜;风景名胜;风景名胜,110200,东华门街道景山前街4号故宫博物院内(西北角),"116.394399,39.919066",4009501925,北京市,北京市,东城区,[],"[{'provider': [], 'title': [], 'url': 'http://store.is.autonavi.com/showpic/cd944f8f9da0192da9e1fb63a64430e8'}, {'provider': [], 'title': [], 'url': 'http://store.is.autonavi.com/showpic/f4314889355e59596491177a7fed6304'}, {'provider': [], 'title': [], 'url': 'https://aos-comment.amap.com/B000A9PINO/comment/202507_16-15545_1752652542582_46495395.jpg'}]",5916730101,"{'cost': [], 'opentime2': '旺季(4月1日至10月31日):周一关闭(法定节假日除外),周二至周日:08:30-17:00(16:00停止检票),淡季(11月1日至3月31日):周一关闭(法定节假日除外),周二至周日:08:30-16:30(15:30停止检票)', 'rating': '4.4', 'open_time': [], 'ticket_ordering': '0'}"
B0FFHHBSKV,北京动物园-西区,风景名胜;公园广场;动物园,110102,西直门外大街137号北京动物园内(西侧),"116.332783,39.941640",010-68314411,北京市,北京市,西城区,西直门,"[{'provider': [], 'title': [], 'url': 'http://store.is.autonavi.com/showpic/b130a4c2e3f1f3db0bc195fbfd53c7fd'}, {'provider': [], 'title': [], 'url': 'https://aos-comment.amap.com/B0FFHHBSKV/comment/4412c533d8fe2d654d840069759166b1_2048_2048_80.jpg'}, {'provider': [], 'title': [], 'url': 'https://aos-comment.amap.com/default_poi/comment/e4c29c2acc3b6c74b7da24e756c12d62_2048_2048_80.jpg'}]",5916722621,"{'cost': [], 'opentime2': '周一至周日 09:00-23:30', 'rating': '4.1', 'open_time': '09:00-23:30', 'ticket_ordering': '0'}"
B000A7BXK1,团城,风景名胜;风景名胜;风景名胜,110200,文津街1号(故宫北)北海公园(西南角),"116.389224,39.922978",[],北京市,北京市,西城区,[],"[{'provider': [], 'title': [], 'url': 'https://aos-comment.amap.com/B000A7BXK1/comment/20260213-d7f5ff6158f6ae14880abdb0-8bAp5djQbdv5XFbXThKB3r.jpg'}, {'provider': [], 'title': [], 'url': 'https://aos-comment.amap.com/B000A7BXK1/comment/20260213-d7f5ff6158f6ae14880abdb0-5bbSnWtzvN468KwJ7vdF5E.jpg'}, {'provider': [], 'title': [], 'url': 'https://aos-comment.amap.com/B000A7BXK1/comment/content_media_external_file_19085_1770901584105_11898126.jpg'}]",5916730120,"{'cost': [], 'opentime2': '淡季(11:01-03:31):08:30-16:30(17:00关门)', 'rating': '4.3', 'open_time': [], 'ticket_ordering': '0'}"
B000A81GN5,中央广播电视总台(光华路办公区),科教文化服务;传媒机构;电视台,141101,东三环中路32号,"116.463764,39.915062",010-68508818,北京市,北京市,朝阳区,呼家楼,"[{'title': [], 'url': 'http://store.is.autonavi.com/showpic/1194a79fec14cbd2e1f3ed6995610065'}, {'title': [], 'url': 'http://store.is.autonavi.com/showpic/05ddd00851c13a3d6dcf3f20b1b56834'}, {'title': [], 'url': 'https://aos-comment.amap.com/B000A81GN5/comment/545725EE_4458_4A7C_A609_CDF377200D29_L0_001_1080_144_1744672850029_78404621.jpg'}]",5916639720,"{'cost': [], 'opentime2': '周一至周日 07:00-22:00', 'rating': '4.8', 'open_time': '07:00-22:00'}"
B000A1A6C2,北京佛教居士林,风景名胜;风景名胜;寺庙道观,110205,西安门大街129号,"116.376126,39.922722",010-66119637,北京市,北京市,西城区,[],"[{'provider': [], 'title': [], 'url': 'http://store.is.autonavi.com/showpic/1d124ef1a64c0064d8de3999a8cfacbe'}, {'provider': [], 'title': [], 'url': 'http://store.is.autonavi.com/showpic/d819605a87abdb214b1f2879af9e21f1'}, {'provider': [], 'title': [], 'url': 'https://aos-comment.amap.com/B000A1A6C2/comment/content_media_external_file_1000076347_ss__1762263960299_72435763.jpg'}]",5916730020,"{'cost': [], 'opentime2': '周一至周日 09:00-15:30', 'rating': '4.2', 'open_time': '09:00-15:30', 'ticket_ordering': '0'}"
B000A84ZLN,北京东交民巷使馆建筑群,风景名胜;风景名胜相关;旅游景点,110000,崇文门东交民巷(崇文门地铁站A1西北口步行290米),"116.412620,39.901299",[],北京市,北京市,东城区,[],"[{'provider': [], 'title': [], 'url': 'http://store.is.autonavi.com/showpic/e64b6d1fa4f1b56d29157da3e6d74988'}, {'provider': [], 'title': [], 'url': 'https://aos-comment.amap.com/B000A84ZLN/comment/content_media_external_images_media_1000037277_ss__1737468299005_27700789.jpg'}, {'provider': [], 'title': [], 'url': 'https://aos-comment.amap.com/B000A84ZLN/comment/41f47f0537200f2c5143b9c26f08d6b7_2048_2048_80.jpg'}]",5916638300,"{'cost': [], 'opentime2': '周一至周日 00:00-24:00', 'rating': '4.6', 'open_time': '24小时营业', 'ticket_ordering': '0'}"
B0K109V6UO,余华和史铁生认领的树,风景名胜;风景名胜;风景名胜,110200,和平里中街34号(和平里北街地铁站D西南口步行450米),"116.415134,39.955862",[],北京市,北京市,东城区,地坛,"[{'provider': [], 'title': [], 'url': 'https://aos-comment.amap.com/B0K109V6UO/comment/content_media_external_file_1000033162_ss__1763999652305_37274487.jpg'}, {'provider': [], 'title': [], 'url': 'https://aos-comment.amap.com/B0K109V6UO/comment/content_media_external_file_1000032150_ss__1769336067495_14050347.jpg'}, {'provider': [], 'title': [], 'url': 'https://aos-comment.amap.com/B0K109V6UO/comment/579F9F54_3278_4CC9_BACE_29C9C6DD5A8D_L0_001_1500_200_1766831449667_31315017.jpg'}]",5916734320,"{'cost': [], 'opentime2': '周一至周日 08:00-22:00', 'rating': '4.7', 'open_time': '08:00-22:00', 'ticket_ordering': '0'}"
B0H26NZFNJ,天桥,风景名胜;风景名胜;风景名胜,110200,西草市街96号(珠市口地铁站G西南口步行320米),"116.398772,39.886193",010-83366036,北京市,北京市,东城区,天桥,"[{'provider': [], 'title': [], 'url': 'https://aos-comment.amap.com/B0H26NZFNJ/comment/file_media_Photo_3683_IMG_1765468755_3597_IMG_3597_jp_1765468704643_50289873.jpg'}, {'provider': [], 'title': [], 'url': 'http://store.is.autonavi.com/showpic/10bb7da77d402c8c74d775cc30889060'}, {'provider': [], 'title': [], 'url': 'https://aos-comment.amap.com/B0H26NZFNJ/comment/176500001461_1765000015538_22933648.jpg'}]",5916636112,"{'cost': [], 'opentime2': '周一至周日 06:00-17:30', 'rating': '4.3', 'open_time': '06:00-17:30', 'ticket_ordering': '0'}"
B0FFFTBPPG,故宫博物院-珍妃井,风景名胜;风景名胜;风景名胜,110200,景山前街4号,"116.400115,39.921941",4009501925,北京市,北京市,东城区,[],"[{'provider': [], 'title': [], 'url': 'http://store.is.autonavi.com/showpic/0e94d4c0eec06b72810eee87a6e42e96'}, {'provider': [], 'title': [], 'url': 'https://aos-comment.amap.com/B0FFFTBPPG/comment/A5673338_16E3_4A79_9D19_DC7360FBC117_L0_001_1500_200_1771000396558_46884895.jpg'}, {'provider': [], 'title': [], 'url': 'https://aos-comment.amap.com/B0FFFTBPPG/comment/content_media_external_file_123533_ss__1769757338119_73386663.jpg'}]",5916730210,"{'cost': [], 'opentime2': '11月1日-次年3月31周二至周日:08:30-16:30(15:40停止入馆,16:30闭馆),；开放时间:4月1日-10月31日08:30-17:00(16:10停止入场,17:00闭馆)', 'rating': '5.0', 'open_time': [], 'ticket_ordering': '0'}"
B0FFFF7DZE,三庆园,体育休闲服务;影剧院;剧场|风景名胜;风景名胜相关;旅游景点,080603|110000,大栅栏商业街18号(前门地铁站I西南口步行410米),"116.396914,39.895887",010-66551266,北京市,北京市,西城区,珠市口,"[{'provider': [], 'title': [], 'url': 'http://store.is.autonavi.com/showpic/ae1c553f0a494e77e2aab7adc65ef20c'}, {'provider': [], 'title': [], 'url': 'http://store.is.autonavi.com/showpic/5acd54f5a2e31ba9d29d1c1e0707ec40'}, {'provider': [], 'title': [], 'url': 'http://store.is.autonavi.com/showpic/0557d107e8b7fb9bdacd65940ae8587f'}]",5916637112,"{'cost': [], 'opentime2': '周一至周日 19:30-22:00；周二-周日:下午场14:00-16:00；晚场19:00-21:00，周一休息。', 'seat_ordering': '0', 'rating': '4.3', 'open_time': '19:30-22:00 14:00-16:00 19:00-21:00', 'ticket_ordering': '0'}"
B000A4DABA,智化寺,风景名胜;风景名胜;寺庙道观,110205,禄米仓胡同5号,"116.432325,39.917621",010-65286691;010-65253670,北京市,北京市,东城区,朝阳门,"[{'provider': [], 'title': [], 'url': 'http://store.is.autonavi.com/showpic/c3be2de7bdfffff8e79b261d536eeb78'}, {'provider': [], 'title': [], 'url': 'https://aos-comment.amap.com/B000A4DABA/headerImg/acabc6cfbf1078e3d4586d337f724f21_2048_2048_80.jpg'}, {'provider': [], 'title': [], 'url': 'http://store.is.autonavi.com/showpic/15ceb0364715e9acc40c859eb4411681'}]",5916730401,"{'cost': [], 'opentime2': '周一关闭(法定节假日除外),周二至周日09:00-17:00(16:30停止入馆)', 'rating': '4.7', 'open_time': '09:00-17:00', 'ticket_ordering': '0'}"
B0FFFLJW2Q,菖蒲河公园,风景名胜;公园广场;公园,110101,菖蒲河沿9号(天安门东地铁站B东北口步行200米),"116.403456,39.908566",[],北京市,北京市,东城区,王府井,"[{'provider': [], 'title': [], 'url': 'http://store.is.autonavi.com/showpic/d78ea4ed845465bb7773102c22c54df5'}, {'provider': [], 'title': [], 'url': 'https://aos-comment.amap.com/B0FFFLJW2Q/comment/content_media_external_file_100003180_1764239251317_81491666.jpg'}, {'provider': [], 'title': [], 'url': 'http://store.is.autonavi.com/showpic/f1360e4cff6ac541022749cd3b5d87d2'}]",5916639200,"{'cost': [], 'opentime2': '周一至周日 00:00-24:00', 'rating': '4.3', 'open_time': '24小时营业', 'ticket_ordering': '0'}"
B000A3DC9D,东单公园,风景名胜;公园广场;公园,110101,崇文门内大街9号(东单地铁站H西南口步行380米),"116.417090,39.904917",010-85113016,北京市,北京市,东城区,[],"[{'provider': [], 'title': [], 'url': 'http://store.is.autonavi.com/showpic/de85bb2be102e61fcfaf1044e464c89d'}, {'provider': [], 'title': [], 'url': 'http://store.is.autonavi.com/showpic/789c24cca3a4237b60c3941543d28f76'}, {'provider': [], 'title': [], 'url': 'http://store.is.autonavi.com/showpic/7eba4699dbf94b0ff3ec766dbc44ad54'}]",5916638311,"{'cost': [], 'opentime2': '周一至周日 06:00-21:30', 'rating': '4.5', 'open_time': '06:00-21:30', 'ticket_ordering': '0'}"
B000A31E37,北京牛街礼拜寺(不对外开放),风景名胜;风景名胜;回教寺,110207,牛街18号(近广安门内),"116.364641,39.885711",010-63532564,北京市,北京市,西城区,白纸坊,"[{'provider': [], 'title': '外景图', 'url': 'http://store.is.autonavi.com/showpic/b4f09dc41b15aa18f4d8fc6dcc1d3bbd'}, {'provider': [], 'title': [], 'url': 'https://store.is.autonavi.com/showpic/ff32a1ed033b71f850812d9e7876432e'}, {'provider': [], 'title': [], 'url': 'https://store.is.autonavi.com/showpic/67adeb08b7ef5fca6cea9b4aba6a5551'}]",5916626900,"{'cost': [], 'opentime2': '05:30-22:00左右', 'rating': '4.3', 'open_time': '05:30-22:00', 'ticket_ordering': '0'}"
B0FFFAN0GC,鸟巢文化中心,科教文化服务;文化宫;文化宫,140800,国家体育场南路1号(慧忠路与北辰东路交汇处),"116.396461,39.992815",010-64553358,北京市,北京市,朝阳区,北辰,"[{'title': [], 'url': 'https://aos-comment.amap.com/B0FFFAN0GC/comment/content_media_external_file_1000059469_ss__1765754619129_37897696.jpg'}, {'title': [], 'url': 'https://aos-comment.amap.com/B0FFFAN0GC/comment/content_media_external_file_584_1768690204797_27999911.jpg'}, {'title': [], 'url': 'https://aos-comment.amap.com/B0FFFAN0GC/comment/69bcde99-6644-4fd1-9485-576a7e57079e.png'}]",5916739102,"{'cost': [], 'opentime2': '周一至周日 10:00-22:00', 'rating': '4.8', 'open_time': '10:00-22:00'}"
B0IG3A0CQM,永泉庵,风景名胜;风景名胜;风景名胜,110200,德胜桥东北侧(真武庙东),"116.379977,39.944088",[],北京市,北京市,西城区,德胜门,"[{'provider': [], 'title': [], 'url': 'https://aos-comment.amap.com/B0IG3A0CQM/comment/content_media_external_file_100001304_1768312987919_84247925.jpg'}, {'provider': [], 'title': [], 'url': 'https://aos-comment.amap.com/comment/content_service__1770301819574_16648605_1770301881634_35535544.jpg'}, {'provider': [], 'title': [], 'url': 'https://store.is.autonavi.com/showpic/7df3a2c7d8b201108618addc1f566725'}]",5916733001,"{'cost': [], 'opentime2': [], 'rating': '4.2', 'open_time': [], 'ticket_ordering': '0'}"
B000A9LEXU,白云观-灵官殿,风景名胜;风景名胜;风景名胜,110200,白云路62号,"116.343736,39.900424",010-63396074,北京市,北京市,西城区,复兴门,"[{'provider': [], 'title': [], 'url': 'https://aos-comment.amap.com/B000A9LEXU/comment/content_media_external_images_media_1000141631_ss__1768009760234_04072608.jpg'}, {'provider': [], 'title': [], 'url': 'https://aos-comment.amap.com/B000A9LEXU/comment/content_media_external_images_media_1000018733_ss__1765155259198_18508079.jpg'}, {'provider': [], 'title': [], 'url': 'https://aos-comment.amap.com/B000A9LEXU/comment/content_media_external_images_media_1000141629_ss__1768009760754_39062204.jpg'}]",5916628701,"{'cost': [], 'opentime2': [], 'rating': '4.1', 'open_time': [], 'ticket_ordering': '0'}"
B000A7Z46T,庆王府(不对外开放),风景名胜;风景名胜;风景名胜,110200,定阜街3号院,"116.380746,39.936017",[],北京市,北京市,西城区,积水潭,"[{'provider': [], 'title': [], 'url': 'http://store.is.autonavi.com/showpic/94db76b3cf8c02438d07f7a1fd8b10fb'}, {'provider': [], 'title': [], 'url': 'http://store.is.autonavi.com/showpic/0fa6629d67606328fe1a93206dee9e7c'}, {'provider': [], 'title': [], 'url': 'http://store.is.autonavi.com/showpic/c31cfa63d8e5970db40f0658df66d785'}]",5916732001,"{'cost': [], 'opentime2': '周一至周日 09:00-17:30', 'rating': '4.3', 'open_time': '09:00-17:30', 'ticket_ordering': '0'}"
B000A80I4L,北海公园-静心斋,风景名胜;风景名胜;风景名胜,110200,文津街1号北海公园内(西北角),"116.389401,39.932511",[],北京市,北京市,西城区,[],"[{'provider': [], 'title': [], 'url': 'https://aos-comment.amap.com/B000A80I4L/comment/content_media_external_images_media_9833_1727925983744_64299031.jpg'}, {'provider': [], 'title': [], 'url': 'https://aos-comment.amap.com/B000A80I4L/comment/0FFC939C_D717_42D0_AF91_0A82861E7C36_L0_001_1500_200_1752028799478_15541666.jpg'}, {'provider': [], 'title': [], 'url': 'http://store.is.autonavi.com/showpic/f9cd39822a0a5bf8fc486dc82e584eb9'}]",5916731120,"{'cost': [], 'opentime2': '周二至周日 08:00-18:00', 'rating': '4.4', 'open_time': '08:00-18:00', 'ticket_ordering': '0'}"
B000A7QDJF,世界花卉大观园,风景名胜;公园广场;植物园,110103,南四环中路235号,"116.353217,39.835332",010-87500840,北京市,北京市,丰台区,草桥,"[{'provider': [], 'title': [], 'url': 'http://store.is.autonavi.com/showpic/e65c6cccd6c23b4e2aee238214df0af4'}, {'provider': [], 'title': [], 'url': 'http://store.is.autonavi.com/showpic/4a784d7642d7ce70884c7e2e1683e983'}, {'provider': [], 'title': [], 'url': 'http://store.is.autonavi.com/showpic/f4f5fa26d06e41a98835064d6abe85f6'}]",5916620800,"{'cost': [], 'opentime2': '7月22日-10月7日:08:00-22:30；10月8日-7月21日08:00-17:00', 'rating': '4.6', 'open_time': [], 'ticket_ordering': '0'}"
B000A9LF3J,外金水桥,风景名胜;风景名胜;风景名胜,110200,东长安街天安门内(天安门东地铁站A西北入口步行190米),"116.397663,39.908002",010-86409660,北京市,北京市,东城区,[],"[{'provider': [], 'title': [], 'url': 'http://store.is.autonavi.com/showpic/e9b4e4e94043728ada8e411e8af856f0'}, {'provider': [], 'title': [], 'url': 'https://aos-comment.amap.com/B000A9LF3J/comment/content_media_external_file_7868_1757157319695_29271202.jpg'}, {'provider': [], 'title': [], 'url': 'https://aos-comment.amap.com/B000A9LF3J/comment/content_media_external_file_38835_ss__1760080133974_44486567.jpg'}]",5916638122,"{'cost': [], 'opentime2': '周一至周日 00:00-24:00', 'rating': '4.3', 'open_time': '24小时营业', 'ticket_ordering': '0'}"
B000A80UVR,陈独秀旧居,风景名胜;风景名胜;纪念馆,110204,北池子大街箭杆胡同20号,"116.404106,39.917353",010-65289569,北京市,北京市,东城区,[],"[{'provider': [], 'title': '陈独秀旧居[陈独秀北京市旧居]', 'url': 'http://store.is.autonavi.com/showpic/98225ad4af9949181618ace96b79ac15'}, {'provider': [], 'title': [], 'url': 'https://store.is.autonavi.com/showpic/f2e61fa9e53ebbe94a2d490b56561e3f'}, {'provider': [], 'title': [], 'url': 'https://store.is.autonavi.com/showpic/6144c1dd333477ea6219fd5550c38a12'}]",5916730200,"{'cost': [], 'opentime2': '周二至周日 09:00-11:30,13:00-16:00', 'rating': '4.3', 'open_time': '09:00-11:30 13:00-16:00', 'ticket_ordering': '0'}"
B0L2OHUUDS,国礼博物馆,科教文化服务;博物馆;博物馆,140100,西兴隆街与戴家胡同交叉口西北60米,"116.410925,39.897825",[],北京市,北京市,东城区,[],"[{'title': [], 'url': 'https://aos-comment.amap.com/B0L2OHUUDS/comment/D43A4C39_09F5_43D0_A505_FCE84627D171_L0_001_1290_172_1762820325623_41627331.jpg'}, {'title': [], 'url': 'https://aos-comment.amap.com/B0L2OHUUDS/comment/0BEEC413_BD8C_4C0D_9A09_DF1042214102_L0_001_1290_172_1762820325622_75930656.jpg'}, {'title': [], 'url': 'https://aos-comment.amap.com/B0L2OHUUDS/comment/4A93B0A8_A909_4151_840C_7BDD96326D63_L0_001_1179_88_1765511004362_31565796.jpg'}]",5916637222,"{'cost': [], 'opentime2': '周二至周日 09:00-16:00', 'rating': '4.3', 'open_time': '09:00-16:00'}"
B000A7BZG7,中国农业博物馆,科教文化服务;博物馆;博物馆,140100,东三环北路16号,"116.465132,39.940518",010-59199766;010-65096233,北京市,北京市,朝阳区,姚家园,"[{'title': '中国农业博物馆', 'url': 'http://store.is.autonavi.com/showpic/4f6a27ca2377ac6c6b84d9610c874718'}, {'title': [], 'url': 'http://store.is.autonavi.com/showpic/83e9422a104e08779121b66a001c7e20'}, {'title': '中国农业博物馆', 'url': 'http://store.is.autonavi.com/showpic/04bc17f8aebd7ae543a894051d7fbab5'}]",5916732720,"{'cost': [], 'opentime2': '周一闭馆(法定节假日除外)；周二至周日09:00-16:30(16:00停止入馆)', 'rating': '4.7', 'open_time': '09:00-16:30'}"
B000A9PIQC,故宫博物院-坤宁宫,风景名胜;风景名胜;风景名胜,110200,东华门街道景山前街4号故宫博物院内(北侧),"116.396911,39.920821",4009501925,北京市,北京市,东城区,[],"[{'provider': [], 'title': [], 'url': 'http://store.is.autonavi.com/showpic/d0becf3adf2715c139239f4b7d4de08a'}, {'provider': [], 'title': [], 'url': 'http://store.is.autonavi.com/showpic/18ac954806d8a6159fedb80dd1fa95c1'}, {'provider': [], 'title': [], 'url': 'https://aos-comment.amap.com/B000A96F0U/comment/%5B2025-11-29-02-02-34%5DC50EB0FC-DD9B-4A82-A352-680B382200A_1764352963329_51291824.jpg'}]",5916730112,"{'cost': [], 'opentime2': '旺季4月1日至10月31日周一关闭,周二至周日08:30-17:00(16:00停止进入),淡季11月1日至3月31日周一关闭,周二至周日08:30-16:30(15:30停止进入)', 'rating': '4.8', 'open_time': [], 'ticket_ordering': '0'}"
B000A875MC,奥林匹克森林公园,风景名胜;风景名胜;国家级景点,110202,科荟路33号,"116.392159,40.018635",010-64529060,北京市,北京市,朝阳区,[],"[{'provider': [], 'title': [], 'url': 'http://store.is.autonavi.com/showpic/18069dac30cd3ca0a025b38b7343b74e'}, {'provider': [], 'title': '奥林匹克森林公园', 'url': 'http://store.is.autonavi.com/showpic/9341bf0284d7b8fa6cc204f4efde31eb'}, {'provider': [], 'title': '夏季', 'url': 'http://store.is.autonavi.com/showpic/50a095fc659f5332fcf8111199ac1c17'}]",6016032111,"{'cost': [], 'opentime2': '周一至周日 05:00-22:00', 'rating': '4.8', 'open_time': '05:00-22:00', 'ticket_ordering': '0'}"
B0I13APEW5,北京奥林匹克公园,风景名胜;公园广场;公园|风景名胜;风景名胜;国家级景点,110101|110202,北辰东路15号(森林公园南门地铁站C东南口旁),"116.393096,40.009926",010-84972797;010-84992008,北京市,北京市,朝阳区,[],"[{'provider': [], 'title': [], 'url': 'http://store.is.autonavi.com/showpic/e3f95f17eb8064df27d48cfe725d4f9e'}, {'provider': [], 'title': [], 'url': 'http://store.is.autonavi.com/showpic/bba6f25e0a615d44d1e8b1fd5ff40b27'}, {'provider': [], 'title': '北京奥林匹克公园', 'url': 'http://store.is.autonavi.com/showpic/9e710f114ea4bc934cecc6ab5ffc1c4d'}]",6016031101,"{'cost': [], 'opentime2': '周一至周日 06:30-22:00', 'rating': '4.8', 'open_time': '06:30-22:00', 'ticket_ordering': '0'}"
B000A8535O,中法大学旧址,风景名胜;风景名胜;风景名胜,110200,东皇城根北街甲20号,"116.407030,39.928204",010-84024558,北京市,北京市,东城区,沙滩,"[{'provider': [], 'title': [], 'url': 'https://aos-comment.amap.com/B000A8535O/comment/content_media_external_images_media_1224_1735087685957_38059348.jpg'}, {'provider': [], 'title': [], 'url': 'https://aos-comment.amap.com/B000A8535O/comment/42c08f1507e4737d45dbd63d16649f76_2048_2048_80.jpg'}, {'provider': [], 'title': [], 'url': 'https://aos-comment.amap.com/B000A8535O/comment/e31cdda22525c3dc8fc71debc2a2c872_2048_2048_80.jpg'}]",5916731211,"{'cost': [], 'opentime2': '周二至周日 09:00-16:30，周一正常闭馆(法定节假日除外)，2026年2月15日至2026年2月20日全天关闭，2026年2月21日至2026年2月22日09:00-16:30，2026年2月23日闭馆', 'rating': '4.4', 'open_time': '09:00-16:30', 'ticket_ordering': '0'}"
B000A8UI3C,福海公园,风景名胜;公园广场;公园,110101,永外高庄138号(大红门地铁站C东南口步行300米),"116.402011,39.847163",[],北京市,北京市,丰台区,[],"[{'provider': [], 'title': [], 'url': 'http://store.is.autonavi.com/showpic/8645609a21f7bfa8fd651973de27437a'}, {'provider': [], 'title': [], 'url': 'https://aos-comment.amap.com/B000A8UI3C/headerImg/73e83b6c691d0a2d6b2f81f778799927_2048_2048_80.jpg'}, {'provider': [], 'title': [], 'url': 'https://aos-comment.amap.com/B000A8UI3C/headerImg/8870f1699ad88cab9021fdeb611a7cbc_2048_2048_80.jpg'}]",5916631210,"{'cost': [], 'opentime2': '周一至周日 00:00-24:00', 'rating': '4.2', 'open_time': '24小时营业', 'ticket_ordering': '0'}"
B000A81FY5,798·751园区,风景名胜;风景名胜;风景名胜,110200,酒仙桥路4号,"116.494784,39.985063",010-59789798,北京市,北京市,朝阳区,酒仙桥,"[{'provider': [], 'title': [], 'url': 'http://store.is.autonavi.com/showpic/42a5f4dfacfbf2d38d20905cdc15f5ff'}, {'provider': [], 'title': [], 'url': 'http://store.is.autonavi.com/showpic/ee391e3f551fdd027e641c5c040e30bc'}, {'provider': [], 'title': [], 'url': 'http://store.is.autonavi.com/showpic/8a076e086d57c7e50f5d46477083b649'}]",5916738901,"{'cost': [], 'opentime2': '周一至周日 00:00-24:00；艺术中心全天开放，不同店铺，艺术馆的开放时间不同。通常798艺术区开放时间:周二—周日10:00-18:00。', 'rating': '4.8', 'open_time': '00:00-24:00 10:00-18:00', 'ticket_ordering': '0'}"
B0GRO76HVM,海清苑,风景名胜;公园广场;公园,110101,地安门西大街49号(北海北地铁站B东北口步行480米),"116.393204,39.934040",[],北京市,北京市,西城区,[],"[{'provider': [], 'title': [], 'url': 'https://aos-comment.amap.com/B0GRO76HVM/comment/43DC314E_C3F7_4DD2_8F4C_76D4660B419F_L0_001_1500_200_1754279887609_29517873.jpg'}, {'provider': [], 'title': [], 'url': 'https://aos-comment.amap.com/B0GRO76HVM/comment/content_media_external_file_1000015079_ss__1744284055579_89349786.jpg'}, {'provider': [], 'title': [], 'url': 'https://aos-comment.amap.com/B0GRO76HVM/comment/content_media_external_file_8623_ss__1750595024499_61633277.jpg'}]",5916732101,"{'cost': [], 'opentime2': '周一至周日 00:00-24:00', 'rating': '4.3', 'open_time': '24小时营业', 'ticket_ordering': '0'}"
B0FFH1A3X0,枣园,风景名胜;风景名胜;风景名胜,110200,阜成路北三街与增光路交叉口东北100米,"116.317278,39.928933",[],北京市,北京市,海淀区,车公庄,"[{'provider': [], 'title': [], 'url': 'https://store.is.autonavi.com/showpic/089c18b32c8f212f63ace67b91a32b3e'}, {'provider': [], 'title': [], 'url': 'https://store.is.autonavi.com/showpic/2e6c0d01cb96395df6a6814e9a9c4398'}]",5916721511,"{'cost': [], 'opentime2': '周一至周日 09:00-18:00', 'rating': '4.3', 'open_time': '09:00-18:00', 'ticket_ordering': '0'}"
B000A146AD,白云观,风景名胜;风景名胜;寺庙道观,110205,白云观街7号,"116.343778,39.901266",010-63463531;15588994450,北京市,北京市,西城区,复兴门,"[{'provider': [], 'title': [], 'url': 'http://store.is.autonavi.com/showpic/d804291e9b9d981135dbab1a8d7020ea'}, {'provider': [], 'title': [], 'url': 'http://store.is.autonavi.com/showpic/3fc28ed5e4e85431fd93362ff8a1d357'}, {'provider': [], 'title': [], 'url': 'https://aos-comment.amap.com/B000A146AD/comment/5fb61aa2610a6f254042b97ea9a70f5c_2048_2048_80.jpg'}]",5916628701,"{'cost': [], 'opentime2': '5月至9月 周一至周日 08:30-17:00 10-01至02-15 周一至周日 08:30-16:30；02-17至04-30 周一至周日 08:30-16:30；02-16至02-16 周一至周日 全天关闭', 'rating': '4.8', 'open_time': [], 'ticket_ordering': '0'}"
B0FFFT7UKC,故宫博物院-文华殿,风景名胜;风景名胜;风景名胜,110200,景山前街4号故宫博物院内(东南角),"116.399345,39.915573",010-85007422,北京市,北京市,东城区,[],"[{'provider': [], 'title': [], 'url': 'http://store.is.autonavi.com/showpic/49c809890c999dac71048b8eddb28976'}, {'provider': [], 'title': [], 'url': 'http://store.is.autonavi.com/showpic/67ec13d62bc610edbd510efba0bc5f96'}, {'provider': [], 'title': [], 'url': 'https://aos-comment.amap.com/B0FFFT7UKC/comment/445444ec1d136a1c4e50a77e19a2748e_2048_2048_80.jpg'}]",5916639122,"{'cost': [], 'opentime2': '周一至周日 08:30-16:00', 'rating': '5.0', 'open_time': '08:30-16:00', 'ticket_ordering': '0'}"
B000A81JI1,贤良祠,风景名胜;风景名胜;寺庙道观,110205,地安门西大街甲103号(北海北地铁站B东北口步行210米),"116.386903,39.933736",[],北京市,北京市,西城区,[],"[{'provider': [], 'title': [], 'url': 'https://aos-comment.amap.com/B000A81JI1/comment/content_media_external_file_1000061281_ss__1766829304239_25986286.jpg'}, {'provider': [], 'title': [], 'url': 'https://aos-comment.amap.com/B000A81JI1/comment/content_media_external_file_62673_ss__1768544312689_70694506.jpg'}, {'provider': [], 'title': [], 'url': 'https://store.is.autonavi.com/showpic/9bcf150152726a88cfbbf2d1863d63fc'}]",5916732002,"{'cost': [], 'opentime2': '周二至周日 10:00-16:30', 'rating': '4.5', 'open_time': '10:00-16:30', 'ticket_ordering': '0'}"
B000A81FMM,地坛公园(暂停开放),风景名胜;公园广场;公园,110101,安定门外大街,"116.414443,39.953777",010-64214657;010-84257506,北京市,北京市,东城区,地坛,"[{'provider': [], 'title': [], 'url': 'http://store.is.autonavi.com/showpic/35d828cfa010668501e398f5bfa6c6f5'}, {'provider': [], 'title': '地坛公园', 'url': 'http://store.is.autonavi.com/showpic/c2fab07aee729768431c8aa3fe583193'}, {'provider': [], 'title': [], 'url': 'http://store.is.autonavi.com/showpic/0eba905720aa6e5c74d51a1888af1e90'}]",5916734310,"{'cost': [], 'opentime2': '5月至10月 周一至周日 06:00-22:00；1月至4月,11月至12月 周一至周日 06:00-21:00', 'rating': '4.8', 'open_time': [], 'ticket_ordering': '0'}"
B000A81GD9,报国寺,风景名胜;风景名胜;寺庙道观,110205,报国寺西夹道32号院(7号线广安门内地铁站B东北口20米),"116.359510,39.891185",010-63173169;010-83127177,北京市,北京市,西城区,广内大街,"[{'provider': [], 'title': [], 'url': 'http://store.is.autonavi.com/showpic/f2255ab171a0dcad77c27b917fb09aa3'}, {'provider': [], 'title': [], 'url': 'http://store.is.autonavi.com/showpic/4a09ae350fd61746e410e6b60514770d'}, {'provider': [], 'title': [], 'url': 'https://aos-comment.amap.com/B000A81GD9/headerImg/4f0ee50862ea11bd6d08d54e2e54019c_2048_2048_80.jpg'}]",5916626822,"{'cost': [], 'opentime2': '周一至周日 08:00-17:00', 'rating': '4.5', 'open_time': '08:00-17:00', 'ticket_ordering': '0'}"
B0KRJ95V19,火神殿,风景名胜;风景名胜;寺庙道观,110205,地安门外大街77号北京火德真君庙,"116.395631,39.936872",[],北京市,北京市,西城区,[],"[{'provider': [], 'title': [], 'url': 'https://aos-comment.amap.com/B0KRJ95V19/comment/CBCE0901_817E_46CB_82CE_1D95D8DE9C73_L0_001_1290_102_1769147215566_62303547.jpg'}, {'provider': [], 'title': [], 'url': 'https://store.is.autonavi.com/showpic/f37990fd36f18829a2f5ca323007d4bc'}, {'provider': [], 'title': [], 'url': 'https://aos-comment.amap.com/B0KRJ95V19/comment/content_media_external_file_1000061108_ss__1766920523395_93469628.jpg'}]",5916732111,"{'cost': [], 'opentime2': [], 'rating': '4.3', 'open_time': [], 'ticket_ordering': '0'}"
B000A16E89,圆明园遗址公园(暂停开放),风景名胜;风景名胜;国家级景点,110202,清华西路28号,"116.300960,40.008759",010-62543673,北京市,北京市,海淀区,[],"[{'provider': [], 'title': [], 'url': 'http://store.is.autonavi.com/showpic/0c8257320e8c8a771ef6aef1cb358483'}, {'provider': [], 'title': '春季', 'url': 'http://store.is.autonavi.com/showpic/29a41825ec7b9b7f51da3c837c074bdb'}, {'provider': [], 'title': '夏季', 'url': 'http://store.is.autonavi.com/showpic/3afbf03e01a90e50b7cc1329ebb3afed'}]",6016021400,"{'cost': [], 'opentime2': '4月1日至10月31日6:00-21:00（6:00开园(电子票可用)，7:00开始窗口售票，19:00停止售票，停止入园，西洋楼遗址景区7:00-21:00（19:00停止进入），盛时全景模型展景区7:00-19:00），11月1日至次年3月31日6:30-19:30（7:00开始窗口售票，17:30停止售票，停止入园，西洋楼遗址景区7:00-19:30（17:30停止售票，停止入园），盛时全景模型展景区7:00-17:30）', 'rating': '4.9', 'open_time': [], 'ticket_ordering': '0'}"
B000A9PJ5V,故宫博物院-延禧宫,风景名胜;风景名胜;风景名胜,110200,故宫博物院内(东北角),"116.398682,39.920502",010-85007421;010-85007938,北京市,北京市,东城区,[],"[{'provider': [], 'title': [], 'url': 'http://store.is.autonavi.com/showpic/279d81301f38e6dab092d59b9f67241e'}, {'provider': [], 'title': '延禧宫', 'url': 'http://store.is.autonavi.com/showpic/0e75c2fc373b470ef9b3f7335294f24d'}, {'provider': [], 'title': '延禧宫', 'url': 'http://store.is.autonavi.com/showpic/6a87e4676f42a4c78e93633f4512d661'}]",5916730112,"{'cost': [], 'opentime2': '旺季(4月1日至10月31日):周一关闭(法定节假日除外),周二至周日:08:30-17:00(16:00停止检票),淡季(11月1日至3月31日):周一关闭(法定节假日除外),周二至周日:08:30-16:30(15:30停止检票)', 'rating': '4.8', 'open_time': [], 'ticket_ordering': '0'}"
B000A87QJV,奥林匹克公园中心区,风景名胜;公园广场;公园,110101,科荟路33号奥林匹克森林公园内,"116.392451,40.000039",010-84992008,北京市,北京市,朝阳区,北辰,"[{'provider': [], 'title': [], 'url': 'http://store.is.autonavi.com/showpic/dfca8d8318dfd6df8ecc12fb82607fe5'}, {'provider': [], 'title': [], 'url': 'http://store.is.autonavi.com/showpic/cd0f2fe0d31760c5c9b2f26a9434be00'}, {'provider': [], 'title': [], 'url': 'https://aos-comment.amap.com/B000A87QJV/comment/content_media_external_file_100020854_1766913203214_62606328.jpg'}]",6016030101,"{'cost': [], 'opentime2': '00:00-24:00', 'rating': '4.4', 'open_time': '24小时营业', 'ticket_ordering': '0'}"
B0FFHPBXQJ,城隍庙,风景名胜;风景名胜;风景名胜,110200,复兴门金融大街33号通泰大厦对面(近投资广场),"116.360066,39.910479",[],北京市,北京市,西城区,复兴门,"[{'provider': [], 'title': [], 'url': 'https://aos-comment.amap.com/B0FFHPBXQJ/comment/content_media_external_file_2164_ss__1761061479973_12036534.jpg'}, {'provider': [], 'title': [], 'url': 'https://store.is.autonavi.com/showpic/e9a3b13d462398cce31308aeb6ce5e0a'}, {'provider': [], 'title': [], 'url': 'https://aos-comment.amap.com/B0FFHPBXQJ/comment/b231d0eb0d6e2f164873f9fafec94e55_2048_2048_80.jpg'}]",5916629802,"{'cost': [], 'opentime2': [], 'rating': '4.2', 'open_time': [], 'ticket_ordering': '0'}"
B000A5DD67,什刹海-望海楼,风景名胜;风景名胜;风景名胜,110200,什刹海后海北岸半岛上,"116.386469,39.942610",[],北京市,北京市,西城区,德胜门,"[{'provider': [], 'title': [], 'url': 'http://store.is.autonavi.com/showpic/eeb8ad003276c8813ac0bbc4475a564a'}, {'provider': [], 'title': [], 'url': 'https://aos-comment.amap.com/B000A5DD67/comment/761b7b7832c5f9f1bbd8391d386f6226_2048_2048_80.jpg'}, {'provider': [], 'title': [], 'url': 'https://aos-comment.amap.com/B000A5DD67/comment/300ff0fc2ce2aa0deacdadb6f5d4dede_2048_2048_80.jpg'}]",5916733002,"{'cost': [], 'opentime2': '周一至周日 00:00-24:00', 'rating': '4.3', 'open_time': '24小时营业', 'ticket_ordering': '0'}"
B000A80ZNP,天主教北京总教区东交民巷圣弥厄尔天主堂,风景名胜;风景名胜;教堂,110206,东交民巷甲13号,"116.412118,39.903012",[],北京市,北京市,东城区,[],"[{'provider': [], 'title': '东交民巷天主堂', 'url': 'http://store.is.autonavi.com/showpic/9ea3e17e05cde9a5b7fe6f09a9f2ffb6'}, {'provider': [], 'title': '东交民巷天主堂', 'url': 'http://store.is.autonavi.com/showpic/e45dee4bea9b0ff2abf3a89d00d4ba10'}, {'provider': [], 'title': [], 'url': 'https://store.is.autonavi.com/showpic/f4f3ecc7ca88d11c9a1c5e5894c0dbc2'}]",5916638212,"{'cost': [], 'opentime2': '周一至周日 00:00-24:00', 'rating': '4.4', 'open_time': '24小时营业', 'ticket_ordering': '0'}"
